,precision,recall,f1-score,support
0.0,0.9166666666666666,0.5789473684210527,0.7096774193548387,19.0
1.0,0.0,0.0,0.0,1.0
accuracy,,,0.55,20.0
macro avg,0.4583333333333333,0.2894736842105263,0.3548387096774194,20.0
weighted avg,0.8708333333333332,0.55,0.6741935483870968,20.0
