,precision,recall,f1-score,support
0.0,1.0,0.05263157894736842,0.1,19.0
1.0,0.05263157894736842,1.0,0.1,1.0
accuracy,,,0.1,20.0
macro avg,0.5263157894736842,0.5263157894736842,0.1,20.0
weighted avg,0.9526315789473685,0.1,0.1,20.0
