,precision,recall,f1-score,support
0.0,1.0,0.631578947368421,0.7741935483870968,19.0
1.0,0.125,1.0,0.2222222222222222,1.0
accuracy,,,0.65,20.0
macro avg,0.5625,0.8157894736842105,0.4982078853046595,20.0
weighted avg,0.95625,0.65,0.746594982078853,20.0
