,precision,recall,f1-score,support
0.0,1.0,0.4,0.5714285714285715,20.0
1.0,0.0,0.0,0.0,0.0
accuracy,,,0.4,20.0
macro avg,0.5,0.2,0.28571428571428575,20.0
weighted avg,1.0,0.4,0.5714285714285715,20.0
