,precision,recall,f1-score,support
0.0,1.0,0.5263157894736842,0.6896551724137931,19.0
1.0,0.1,1.0,0.18181818181818182,1.0
accuracy,,,0.55,20.0
macro avg,0.55,0.763157894736842,0.4357366771159875,20.0
weighted avg,0.9550000000000001,0.55,0.6642633228840126,20.0
