,precision,recall,f1-score,support
0.0,1.0,0.8,0.888888888888889,20.0
1.0,0.0,0.0,0.0,0.0
accuracy,,,0.8,20.0
macro avg,0.5,0.4,0.4444444444444445,20.0
weighted avg,1.0,0.8,0.888888888888889,20.0
