,precision,recall,f1-score,support
0.0,1.0,0.7,0.8235294117647058,20.0
1.0,0.14285714285714285,1.0,0.25,1.0
accuracy,,,0.7142857142857143,21.0
macro avg,0.5714285714285714,0.85,0.5367647058823529,21.0
weighted avg,0.9591836734693877,0.7142857142857143,0.7962184873949579,21.0
