,precision,recall,f1-score,support
0.0,1.0,0.2,0.33333333333333337,20.0
1.0,0.058823529411764705,1.0,0.1111111111111111,1.0
accuracy,,,0.23809523809523808,21.0
macro avg,0.5294117647058824,0.6,0.22222222222222224,21.0
weighted avg,0.9551820728291316,0.23809523809523808,0.3227513227513228,21.0
