,precision,recall,f1-score,support
0.0,0.9545454545454546,1.0,0.9767441860465117,21.0
1.0,0.0,0.0,0.0,1.0
accuracy,,,0.9545454545454546,22.0
macro avg,0.4772727272727273,0.5,0.48837209302325585,22.0
weighted avg,0.9111570247933884,0.9545454545454546,0.9323467230443975,22.0
