,precision,recall,f1-score,support
0.0,1.0,0.5909090909090909,0.7428571428571429,22.0
1.0,0.0,0.0,0.0,0.0
accuracy,,,0.5909090909090909,22.0
macro avg,0.5,0.29545454545454547,0.37142857142857144,22.0
weighted avg,1.0,0.5909090909090909,0.7428571428571428,22.0
