,precision,recall,f1-score,support
0.0,1.0,0.45454545454545453,0.625,22.0
1.0,0.0,0.0,0.0,0.0
accuracy,,,0.45454545454545453,22.0
macro avg,0.5,0.22727272727272727,0.3125,22.0
weighted avg,1.0,0.45454545454545453,0.625,22.0
