,precision,recall,f1-score,support
0.0,1.0,0.14285714285714285,0.25,21.0
1.0,0.05263157894736842,1.0,0.1,1.0
accuracy,,,0.18181818181818182,22.0
macro avg,0.5263157894736842,0.5714285714285714,0.175,22.0
weighted avg,0.9569377990430623,0.18181818181818182,0.24318181818181817,22.0
