,precision,recall,f1-score,support
0.0,1.0,0.5454545454545454,0.7058823529411764,22.0
1.0,0.0,0.0,0.0,0.0
accuracy,,,0.5454545454545454,22.0
macro avg,0.5,0.2727272727272727,0.3529411764705882,22.0
weighted avg,1.0,0.5454545454545454,0.7058823529411764,22.0
