,precision,recall,f1-score,support
0.0,1.0,0.2727272727272727,0.42857142857142855,22.0
1.0,0.0,0.0,0.0,0.0
accuracy,,,0.2727272727272727,22.0
macro avg,0.5,0.13636363636363635,0.21428571428571427,22.0
weighted avg,1.0,0.2727272727272727,0.4285714285714286,22.0
