,precision,recall,f1-score,support
0.0,1.0,0.09523809523809523,0.17391304347826084,21.0
1.0,0.05,1.0,0.09523809523809523,1.0
accuracy,,,0.13636363636363635,22.0
macro avg,0.525,0.5476190476190477,0.13457556935817805,22.0
weighted avg,0.9568181818181819,0.13636363636363635,0.17033690946734423,22.0
