,precision,recall,f1-score,support
0.0,1.0,0.22727272727272727,0.37037037037037035,22.0
1.0,0.0,0.0,0.0,0.0
accuracy,,,0.22727272727272727,22.0
macro avg,0.5,0.11363636363636363,0.18518518518518517,22.0
weighted avg,1.0,0.22727272727272727,0.3703703703703703,22.0
