,precision,recall,f1-score,support
0.0,0.95,0.9047619047619048,0.9268292682926829,21.0
1.0,0.0,0.0,0.0,1.0
accuracy,,,0.8636363636363636,22.0
macro avg,0.475,0.4523809523809524,0.46341463414634143,22.0
weighted avg,0.9068181818181817,0.8636363636363636,0.88470066518847,22.0
