,precision,recall,f1-score,support
0.0,0.8333333333333334,0.23809523809523808,0.37037037037037035,21.0
1.0,0.0,0.0,0.0,1.0
accuracy,,,0.22727272727272727,22.0
macro avg,0.4166666666666667,0.11904761904761904,0.18518518518518517,22.0
weighted avg,0.7954545454545454,0.22727272727272727,0.35353535353535354,22.0
