,precision,recall,f1-score,support
0.0,1.0,0.8636363636363636,0.9268292682926829,22.0
1.0,0.0,0.0,0.0,0.0
accuracy,,,0.8636363636363636,22.0
macro avg,0.5,0.4318181818181818,0.46341463414634143,22.0
weighted avg,1.0,0.8636363636363636,0.926829268292683,22.0
