,precision,recall,f1-score,support
0.0,0.9444444444444444,0.8095238095238095,0.8717948717948718,21.0
1.0,0.0,0.0,0.0,1.0
accuracy,,,0.7727272727272727,22.0
macro avg,0.4722222222222222,0.40476190476190477,0.4358974358974359,22.0
weighted avg,0.9015151515151515,0.7727272727272727,0.8321678321678321,22.0
