,precision,recall,f1-score,support
0.0,1.0,0.9545454545454546,0.9767441860465117,22.0
1.0,0.0,0.0,0.0,0.0
accuracy,,,0.9545454545454546,22.0
macro avg,0.5,0.4772727272727273,0.48837209302325585,22.0
weighted avg,1.0,0.9545454545454546,0.9767441860465117,22.0
