,precision,recall,f1-score,support
0.0,0.9411764705882353,0.7619047619047619,0.8421052631578947,21.0
1.0,0.0,0.0,0.0,1.0
accuracy,,,0.7272727272727273,22.0
macro avg,0.47058823529411764,0.38095238095238093,0.42105263157894735,22.0
weighted avg,0.8983957219251337,0.7272727272727273,0.8038277511961721,22.0
