,precision,recall,f1-score,support
0.0,1.0,0.23809523809523808,0.3846153846153846,21.0
1.0,0.058823529411764705,1.0,0.1111111111111111,1.0
accuracy,,,0.2727272727272727,22.0
macro avg,0.5294117647058824,0.6190476190476191,0.24786324786324784,22.0
weighted avg,0.9572192513368983,0.2727272727272727,0.37218337218337216,22.0
