,precision,recall,f1-score,support
0.0,1.0,0.7619047619047619,0.8648648648648648,21.0
1.0,0.16666666666666666,1.0,0.2857142857142857,1.0
accuracy,,,0.7727272727272727,22.0
macro avg,0.5833333333333334,0.8809523809523809,0.5752895752895753,22.0
weighted avg,0.9621212121212122,0.7727272727272727,0.8385398385398385,22.0
