,precision,recall,f1-score,support
0.0,0.0,0.0,0.0,21.0
1.0,0.045454545454545456,1.0,0.08695652173913045,1.0
accuracy,,,0.045454545454545456,22.0
macro avg,0.022727272727272728,0.5,0.04347826086956522,22.0
weighted avg,0.002066115702479339,0.045454545454545456,0.003952569169960475,22.0
