,precision,recall,f1-score,support
0.0,1.0,0.35,0.5185185185185185,20.0
1.0,0.0,0.0,0.0,0.0
accuracy,,,0.35,20.0
macro avg,0.5,0.175,0.25925925925925924,20.0
weighted avg,1.0,0.35,0.5185185185185185,20.0
