,precision,recall,f1-score,support
0.0,1.0,0.45,0.6206896551724138,20.0
1.0,0.0,0.0,0.0,0.0
accuracy,,,0.45,20.0
macro avg,0.5,0.225,0.3103448275862069,20.0
weighted avg,1.0,0.45,0.6206896551724138,20.0
