,precision,recall,f1-score,support
0.0,1.0,0.7,0.8235294117647058,20.0
1.0,0.0,0.0,0.0,0.0
accuracy,,,0.7,20.0
macro avg,0.5,0.35,0.4117647058823529,20.0
weighted avg,1.0,0.7,0.8235294117647058,20.0
