,precision,recall,f1-score,support
0.0,1.0,0.2631578947368421,0.4166666666666667,19.0
1.0,0.06666666666666667,1.0,0.125,1.0
accuracy,,,0.3,20.0
macro avg,0.5333333333333333,0.631578947368421,0.27083333333333337,20.0
weighted avg,0.9533333333333334,0.3,0.4020833333333334,20.0
