,precision,recall,f1-score,support
0.0,1.0,0.95,0.9743589743589743,20.0
1.0,0.0,0.0,0.0,0.0
accuracy,,,0.95,20.0
macro avg,0.5,0.475,0.48717948717948717,20.0
weighted avg,1.0,0.95,0.9743589743589742,20.0
