,precision,recall,f1-score,support
0.0,1.0,0.1,0.18181818181818182,20.0
1.0,0.0,0.0,0.0,0.0
accuracy,,,0.1,20.0
macro avg,0.5,0.05,0.09090909090909091,20.0
weighted avg,1.0,0.1,0.18181818181818182,20.0
