,precision,recall,f1-score,support
0.0,1.0,0.8095238095238095,0.8947368421052632,21.0
1.0,0.2,1.0,0.33333333333333337,1.0
accuracy,,,0.8181818181818182,22.0
macro avg,0.6,0.9047619047619048,0.6140350877192983,22.0
weighted avg,0.9636363636363636,0.8181818181818182,0.8692185007974481,22.0
