,precision,recall,f1-score,support
0.0,1.0,0.6818181818181818,0.8108108108108109,22.0
1.0,0.0,0.0,0.0,0.0
accuracy,,,0.6818181818181818,22.0
macro avg,0.5,0.3409090909090909,0.40540540540540543,22.0
weighted avg,1.0,0.6818181818181818,0.8108108108108109,22.0
