,precision,recall,f1-score,support
0.0,1.0,0.8571428571428571,0.923076923076923,21.0
1.0,0.25,1.0,0.4,1.0
accuracy,,,0.8636363636363636,22.0
macro avg,0.625,0.9285714285714286,0.6615384615384615,22.0
weighted avg,0.9659090909090909,0.8636363636363636,0.8993006993006992,22.0
