,precision,recall,f1-score,support
0.0,1.0,0.3333333333333333,0.5,21.0
1.0,0.06666666666666667,1.0,0.125,1.0
accuracy,,,0.36363636363636365,22.0
macro avg,0.5333333333333333,0.6666666666666666,0.3125,22.0
weighted avg,0.9575757575757575,0.36363636363636365,0.48295454545454547,22.0
