,precision,recall,f1-score,support
0.0,1.0,0.7727272727272727,0.8717948717948718,22.0
1.0,0.0,0.0,0.0,0.0
accuracy,,,0.7727272727272727,22.0
macro avg,0.5,0.38636363636363635,0.4358974358974359,22.0
weighted avg,1.0,0.7727272727272727,0.8717948717948718,22.0
