,precision,recall,f1-score,support
0.0,1.0,0.3181818181818182,0.4827586206896552,22.0
1.0,0.0,0.0,0.0,0.0
accuracy,,,0.3181818181818182,22.0
macro avg,0.5,0.1590909090909091,0.2413793103448276,22.0
weighted avg,1.0,0.3181818181818182,0.4827586206896552,22.0
