,precision,recall,f1-score,support
0.0,0.9375,0.7894736842105263,0.8571428571428572,19.0
1.0,0.0,0.0,0.0,1.0
accuracy,,,0.75,20.0
macro avg,0.46875,0.39473684210526316,0.4285714285714286,20.0
weighted avg,0.890625,0.75,0.8142857142857144,20.0
