,precision,recall,f1-score,support
0.0,0.9285714285714286,0.6842105263157895,0.7878787878787878,19.0
1.0,0.0,0.0,0.0,1.0
accuracy,,,0.65,20.0
macro avg,0.4642857142857143,0.34210526315789475,0.3939393939393939,20.0
weighted avg,0.8821428571428571,0.65,0.7484848484848484,20.0
