,precision,recall,f1-score,support
0.0,0.9444444444444444,0.8947368421052632,0.918918918918919,19.0
1.0,0.0,0.0,0.0,1.0
accuracy,,,0.85,20.0
macro avg,0.4722222222222222,0.4473684210526316,0.4594594594594595,20.0
weighted avg,0.8972222222222221,0.85,0.8729729729729729,20.0
