,precision,recall,f1-score,support
0.0,0.9230769230769231,0.631578947368421,0.7499999999999999,19.0
1.0,0.0,0.0,0.0,1.0
accuracy,,,0.6,20.0
macro avg,0.46153846153846156,0.3157894736842105,0.37499999999999994,20.0
weighted avg,0.876923076923077,0.6,0.7124999999999999,20.0
