,precision,recall,f1-score,support
0.0,0.9411764705882353,0.8421052631578947,0.8888888888888888,19.0
1.0,0.0,0.0,0.0,1.0
accuracy,,,0.8,20.0
macro avg,0.47058823529411764,0.42105263157894735,0.4444444444444444,20.0
weighted avg,0.8941176470588236,0.8,0.8444444444444444,20.0
