,precision,recall,f1-score,support
0.0,1.0,0.10526315789473684,0.1904761904761905,19.0
1.0,0.05555555555555555,1.0,0.10526315789473684,1.0
accuracy,,,0.15,20.0
macro avg,0.5277777777777778,0.5526315789473684,0.14786967418546365,20.0
weighted avg,0.9527777777777778,0.15,0.1862155388471178,20.0
