,precision,recall,f1-score,support
0.0,1.0,0.9,0.9473684210526316,20.0
1.0,0.0,0.0,0.0,0.0
accuracy,,,0.9,20.0
macro avg,0.5,0.45,0.4736842105263158,20.0
weighted avg,1.0,0.9,0.9473684210526316,20.0
