,precision,recall,f1-score,support
0.0,0.8571428571428571,0.3157894736842105,0.46153846153846156,19.0
1.0,0.0,0.0,0.0,1.0
accuracy,,,0.3,20.0
macro avg,0.42857142857142855,0.15789473684210525,0.23076923076923078,20.0
weighted avg,0.8142857142857143,0.3,0.4384615384615385,20.0
