,precision,recall,f1-score,support
0.0,1.0,0.21052631578947367,0.34782608695652173,19.0
1.0,0.0625,1.0,0.11764705882352941,1.0
accuracy,,,0.25,20.0
macro avg,0.53125,0.6052631578947368,0.23273657289002558,20.0
weighted avg,0.953125,0.25,0.3363171355498721,20.0
