,precision,recall,f1-score,support
0.0,1.0,0.85,0.9189189189189189,20.0
1.0,0.0,0.0,0.0,0.0
accuracy,,,0.85,20.0
macro avg,0.5,0.425,0.45945945945945943,20.0
weighted avg,1.0,0.85,0.918918918918919,20.0
