,precision,recall,f1-score,support
0.0,1.0,0.2,0.33333333333333337,20.0
1.0,0.0,0.0,0.0,0.0
accuracy,,,0.2,20.0
macro avg,0.5,0.1,0.16666666666666669,20.0
weighted avg,1.0,0.2,0.33333333333333337,20.0
