,precision,recall,f1-score,support
0.0,0.9166666666666666,0.55,0.6874999999999999,20.0
1.0,0.0,0.0,0.0,1.0
accuracy,,,0.5238095238095238,21.0
macro avg,0.4583333333333333,0.275,0.34374999999999994,21.0
weighted avg,0.8730158730158729,0.5238095238095238,0.6547619047619047,21.0
