,precision,recall,f1-score,support
0.0,1.0,0.6,0.7499999999999999,20.0
1.0,0.1111111111111111,1.0,0.19999999999999998,1.0
accuracy,,,0.6190476190476191,21.0
macro avg,0.5555555555555556,0.8,0.4749999999999999,21.0
weighted avg,0.9576719576719577,0.6190476190476191,0.7238095238095237,21.0
