,precision,recall,f1-score,support
0.0,0.9090909090909091,0.5,0.6451612903225806,20.0
1.0,0.0,0.0,0.0,1.0
accuracy,,,0.47619047619047616,21.0
macro avg,0.45454545454545453,0.25,0.3225806451612903,21.0
weighted avg,0.8658008658008657,0.47619047619047616,0.6144393241167434,21.0
