,precision,recall,f1-score,support
0.0,1.0,0.3,0.4615384615384615,20.0
1.0,0.06666666666666667,1.0,0.125,1.0
accuracy,,,0.3333333333333333,21.0
macro avg,0.5333333333333333,0.65,0.2932692307692307,21.0
weighted avg,0.9555555555555555,0.3333333333333333,0.4455128205128205,21.0
