,precision,recall,f1-score,support
0.0,0.0,0.0,0.0,20.0
1.0,0.047619047619047616,1.0,0.0909090909090909,1.0
accuracy,,,0.047619047619047616,21.0
macro avg,0.023809523809523808,0.5,0.04545454545454545,21.0
weighted avg,0.0022675736961451248,0.047619047619047616,0.004329004329004328,21.0
