,precision,recall,f1-score,support
0.0,0.9375,0.7142857142857143,0.8108108108108109,21.0
1.0,0.0,0.0,0.0,1.0
accuracy,,,0.6818181818181818,22.0
macro avg,0.46875,0.35714285714285715,0.40540540540540543,22.0
weighted avg,0.8948863636363636,0.6818181818181818,0.773955773955774,22.0
