,precision,recall,f1-score,support
0.0,0.9473684210526315,0.8571428571428571,0.9,21.0
1.0,0.0,0.0,0.0,1.0
accuracy,,,0.8181818181818182,22.0
macro avg,0.47368421052631576,0.42857142857142855,0.45,22.0
weighted avg,0.9043062200956938,0.8181818181818182,0.8590909090909092,22.0
