,precision,recall,f1-score,support
0.0,1.0,0.6190476190476191,0.7647058823529412,21.0
1.0,0.1111111111111111,1.0,0.19999999999999998,1.0
accuracy,,,0.6363636363636364,22.0
macro avg,0.5555555555555556,0.8095238095238095,0.4823529411764706,22.0
weighted avg,0.9595959595959596,0.6363636363636364,0.7390374331550802,22.0
