,precision,recall,f1-score,support
0.0,1.0,0.13636363636363635,0.24000000000000002,22.0
1.0,0.0,0.0,0.0,0.0
accuracy,,,0.13636363636363635,22.0
macro avg,0.5,0.06818181818181818,0.12000000000000001,22.0
weighted avg,1.0,0.13636363636363635,0.24000000000000002,22.0
