,precision,recall,f1-score,support
0.0,1.0,0.047619047619047616,0.0909090909090909,21.0
1.0,0.047619047619047616,1.0,0.0909090909090909,1.0
accuracy,,,0.09090909090909091,22.0
macro avg,0.5238095238095238,0.5238095238095238,0.0909090909090909,22.0
weighted avg,0.9567099567099567,0.09090909090909091,0.0909090909090909,22.0
