,precision,recall,f1-score,support
0.0,1.0,0.4090909090909091,0.5806451612903226,22.0
1.0,0.0,0.0,0.0,0.0
accuracy,,,0.4090909090909091,22.0
macro avg,0.5,0.20454545454545456,0.2903225806451613,22.0
weighted avg,1.0,0.4090909090909091,0.5806451612903226,22.0
