,precision,recall,f1-score,support
0.0,0.95,0.95,0.9500000000000001,20.0
1.0,0.0,0.0,0.0,1.0
accuracy,,,0.9047619047619048,21.0
macro avg,0.475,0.475,0.47500000000000003,21.0
weighted avg,0.9047619047619048,0.9047619047619048,0.9047619047619048,21.0
