,precision,recall,f1-score,support
0.0,0.9285714285714286,0.65,0.7647058823529412,20.0
1.0,0.0,0.0,0.0,1.0
accuracy,,,0.6190476190476191,21.0
macro avg,0.4642857142857143,0.325,0.3823529411764706,21.0
weighted avg,0.8843537414965987,0.6190476190476191,0.7282913165266107,21.0
