,precision,recall,f1-score,support
0.0,1.0,0.09523809523809523,0.17391304347826084,21.0
1.0,0.0,0.0,0.0,0.0
accuracy,,,0.09523809523809523,21.0
macro avg,0.5,0.047619047619047616,0.08695652173913042,21.0
weighted avg,1.0,0.09523809523809523,0.17391304347826084,21.0
