,precision,recall,f1-score,support
0.0,1.0,0.4,0.5714285714285715,20.0
1.0,0.07692307692307693,1.0,0.14285714285714288,1.0
accuracy,,,0.42857142857142855,21.0
macro avg,0.5384615384615384,0.7,0.3571428571428572,21.0
weighted avg,0.956043956043956,0.42857142857142855,0.5510204081632654,21.0
