,precision,recall,f1-score,support
0.0,0.9333333333333333,0.7,0.8,20.0
1.0,0.0,0.0,0.0,1.0
accuracy,,,0.6666666666666666,21.0
macro avg,0.4666666666666667,0.35,0.4,21.0
weighted avg,0.888888888888889,0.6666666666666666,0.7619047619047619,21.0
