,precision,recall,f1-score,support
0.0,0.875,0.35,0.4999999999999999,20.0
1.0,0.0,0.0,0.0,1.0
accuracy,,,0.3333333333333333,21.0
macro avg,0.4375,0.175,0.24999999999999994,21.0
weighted avg,0.8333333333333334,0.3333333333333333,0.4761904761904761,21.0
