,precision,recall,f1-score,support
0.0,1.0,0.38095238095238093,0.5517241379310345,21.0
1.0,0.0,0.0,0.0,0.0
accuracy,,,0.38095238095238093,21.0
macro avg,0.5,0.19047619047619047,0.27586206896551724,21.0
weighted avg,1.0,0.38095238095238093,0.5517241379310345,21.0
