,precision,recall,f1-score,support
0.0,1.0,0.65,0.787878787878788,20.0
1.0,0.0,0.0,0.0,0.0
accuracy,,,0.65,20.0
macro avg,0.5,0.325,0.393939393939394,20.0
weighted avg,1.0,0.65,0.787878787878788,20.0
