,precision,recall,f1-score,support
0.0,1.0,0.3,0.4615384615384615,20.0
1.0,0.0,0.0,0.0,0.0
accuracy,,,0.3,20.0
macro avg,0.5,0.15,0.23076923076923075,20.0
weighted avg,1.0,0.3,0.4615384615384615,20.0
