,precision,recall,f1-score,support
0.0,1.0,0.15,0.2608695652173913,20.0
1.0,0.0,0.0,0.0,0.0
accuracy,,,0.15,20.0
macro avg,0.5,0.075,0.13043478260869565,20.0
weighted avg,1.0,0.15,0.2608695652173913,20.0
