,precision,recall,f1-score,support
0.0,0.0,0.0,0.0,19.0
1.0,0.05,1.0,0.09523809523809523,1.0
accuracy,,,0.05,20.0
macro avg,0.025,0.5,0.047619047619047616,20.0
weighted avg,0.0025,0.05,0.0047619047619047615,20.0
