,precision,recall,f1-score,support
0.0,1.0,0.3684210526315789,0.5384615384615384,19.0
1.0,0.07692307692307693,1.0,0.14285714285714288,1.0
accuracy,,,0.4,20.0
macro avg,0.5384615384615384,0.6842105263157895,0.34065934065934067,20.0
weighted avg,0.9538461538461538,0.4,0.5186813186813186,20.0
