,precision,recall,f1-score,support
0.0,1.0,0.55,0.7096774193548387,20.0
1.0,0.0,0.0,0.0,0.0
accuracy,,,0.55,20.0
macro avg,0.5,0.275,0.3548387096774194,20.0
weighted avg,1.0,0.55,0.7096774193548387,20.0
