,precision,recall,f1-score,support
0.0,1.0,0.5789473684210527,0.7333333333333334,19.0
1.0,0.1111111111111111,1.0,0.19999999999999998,1.0
accuracy,,,0.6,20.0
macro avg,0.5555555555555556,0.7894736842105263,0.4666666666666667,20.0
weighted avg,0.9555555555555555,0.6,0.7066666666666667,20.0
