,precision,recall,f1-score,support
0.0,1.0,0.8421052631578947,0.9142857142857143,19.0
1.0,0.25,1.0,0.4,1.0
accuracy,,,0.85,20.0
macro avg,0.625,0.9210526315789473,0.6571428571428571,20.0
weighted avg,0.9625,0.85,0.8885714285714285,20.0
