,precision,recall,f1-score,support
0.0,1.0,0.15789473684210525,0.2727272727272727,19.0
1.0,0.058823529411764705,1.0,0.1111111111111111,1.0
accuracy,,,0.2,20.0
macro avg,0.5294117647058824,0.5789473684210527,0.1919191919191919,20.0
weighted avg,0.9529411764705882,0.2,0.26464646464646463,20.0
