,precision,recall,f1-score,support
0.0,0.9333333333333333,0.7368421052631579,0.8235294117647058,19.0
1.0,0.0,0.0,0.0,1.0
accuracy,,,0.7,20.0
macro avg,0.4666666666666667,0.3684210526315789,0.4117647058823529,20.0
weighted avg,0.8866666666666667,0.7,0.7823529411764706,20.0
