,precision,recall,f1-score,support
0.0,0.95,1.0,0.9743589743589743,19.0
1.0,0.0,0.0,0.0,1.0
accuracy,,,0.95,20.0
macro avg,0.475,0.5,0.48717948717948717,20.0
weighted avg,0.9025000000000001,0.95,0.9256410256410256,20.0
