,precision,recall,f1-score,support
0.0,0.875,0.3684210526315789,0.5185185185185185,19.0
1.0,0.0,0.0,0.0,1.0
accuracy,,,0.35,20.0
macro avg,0.4375,0.18421052631578946,0.25925925925925924,20.0
weighted avg,0.83125,0.35,0.4925925925925926,20.0
