,precision,recall,f1-score,support
0.0,1.0,0.8947368421052632,0.9444444444444444,19.0
1.0,0.3333333333333333,1.0,0.5,1.0
accuracy,,,0.9,20.0
macro avg,0.6666666666666666,0.9473684210526316,0.7222222222222222,20.0
weighted avg,0.9666666666666666,0.9,0.9222222222222222,20.0
