,precision,recall,f1-score,support
0.0,1.0,0.75,0.8571428571428571,20.0
1.0,0.0,0.0,0.0,0.0
accuracy,,,0.75,20.0
macro avg,0.5,0.375,0.42857142857142855,20.0
weighted avg,1.0,0.75,0.8571428571428571,20.0
