,precision,recall,f1-score,support
0.0,1.0,0.6,0.7499999999999999,20.0
1.0,0.0,0.0,0.0,0.0
accuracy,,,0.6,20.0
macro avg,0.5,0.3,0.37499999999999994,20.0
weighted avg,1.0,0.6,0.7499999999999999,20.0
