,precision,recall,f1-score,support
0.0,1.0,0.1,0.18181818181818182,20.0
1.0,0.05263157894736842,1.0,0.1,1.0
accuracy,,,0.14285714285714285,21.0
macro avg,0.5263157894736842,0.55,0.14090909090909093,21.0
weighted avg,0.9548872180451129,0.14285714285714285,0.17792207792207795,21.0
