,precision,recall,f1-score,support
0.0,1.0,0.45,0.6206896551724138,20.0
1.0,0.08333333333333333,1.0,0.15384615384615385,1.0
accuracy,,,0.47619047619047616,21.0
macro avg,0.5416666666666666,0.725,0.38726790450928383,21.0
weighted avg,0.9563492063492063,0.47619047619047616,0.5984590122521156,21.0
