,precision,recall,f1-score,support
0.0,0.8888888888888888,0.4,0.5517241379310346,20.0
1.0,0.0,0.0,0.0,1.0
accuracy,,,0.38095238095238093,21.0
macro avg,0.4444444444444444,0.2,0.2758620689655173,21.0
weighted avg,0.8465608465608466,0.38095238095238093,0.5254515599343187,21.0
