,precision,recall,f1-score,support
0.0,1.0,0.047619047619047616,0.0909090909090909,21.0
1.0,0.0,0.0,0.0,0.0
accuracy,,,0.047619047619047616,21.0
macro avg,0.5,0.023809523809523808,0.04545454545454545,21.0
weighted avg,1.0,0.047619047619047616,0.0909090909090909,21.0
