,precision,recall,f1-score,support
0.0,0.9444444444444444,0.85,0.8947368421052632,20.0
1.0,0.0,0.0,0.0,1.0
accuracy,,,0.8095238095238095,21.0
macro avg,0.4722222222222222,0.425,0.4473684210526316,21.0
weighted avg,0.8994708994708995,0.8095238095238095,0.8521303258145364,21.0
