,precision,recall,f1-score,support
0.0,0.6666666666666666,0.1,0.1739130434782609,20.0
1.0,0.0,0.0,0.0,1.0
accuracy,,,0.09523809523809523,21.0
macro avg,0.3333333333333333,0.05,0.08695652173913045,21.0
weighted avg,0.6349206349206349,0.09523809523809523,0.1656314699792961,21.0
