,precision,recall,f1-score,support
0.0,0.9230769230769231,0.6,0.7272727272727274,20.0
1.0,0.0,0.0,0.0,1.0
accuracy,,,0.5714285714285714,21.0
macro avg,0.46153846153846156,0.3,0.3636363636363637,21.0
weighted avg,0.8791208791208792,0.5714285714285714,0.6926406926406928,21.0
