,precision,recall,f1-score,support
0.0,1.0,0.47619047619047616,0.6451612903225806,21.0
1.0,0.08333333333333333,1.0,0.15384615384615385,1.0
accuracy,,,0.5,22.0
macro avg,0.5416666666666666,0.7380952380952381,0.39950372208436724,22.0
weighted avg,0.9583333333333333,0.5,0.6228287841191067,22.0
