,precision,recall,f1-score,support
0.0,1.0,0.38095238095238093,0.5517241379310345,21.0
1.0,0.07142857142857142,1.0,0.13333333333333333,1.0
accuracy,,,0.4090909090909091,22.0
macro avg,0.5357142857142857,0.6904761904761905,0.3425287356321839,22.0
weighted avg,0.9577922077922079,0.4090909090909091,0.5327063740856844,22.0
