,precision,recall,f1-score,support
0.0,0.9230769230769231,0.5714285714285714,0.7058823529411765,21.0
1.0,0.0,0.0,0.0,1.0
accuracy,,,0.5454545454545454,22.0
macro avg,0.46153846153846156,0.2857142857142857,0.35294117647058826,22.0
weighted avg,0.8811188811188813,0.5454545454545454,0.6737967914438503,22.0
