,precision,recall,f1-score,support
0.0,0.9,0.42857142857142855,0.5806451612903225,21.0
1.0,0.0,0.0,0.0,1.0
accuracy,,,0.4090909090909091,22.0
macro avg,0.45,0.21428571428571427,0.29032258064516125,22.0
weighted avg,0.8590909090909092,0.4090909090909091,0.5542521994134897,22.0
