,precision,recall,f1-score,support
0.0,0.8571428571428571,0.2857142857142857,0.42857142857142855,21.0
1.0,0.0,0.0,0.0,1.0
accuracy,,,0.2727272727272727,22.0
macro avg,0.42857142857142855,0.14285714285714285,0.21428571428571427,22.0
weighted avg,0.8181818181818182,0.2727272727272727,0.4090909090909091,22.0
