,precision,recall,f1-score,support
0.0,0.9166666666666666,0.5238095238095238,0.6666666666666667,21.0
1.0,0.0,0.0,0.0,1.0
accuracy,,,0.5,22.0
macro avg,0.4583333333333333,0.2619047619047619,0.33333333333333337,22.0
weighted avg,0.875,0.5,0.6363636363636365,22.0
