,precision,recall,f1-score,support
0.0,0.9333333333333333,0.6666666666666666,0.7777777777777778,21.0
1.0,0.0,0.0,0.0,1.0
accuracy,,,0.6363636363636364,22.0
macro avg,0.4666666666666667,0.3333333333333333,0.3888888888888889,22.0
weighted avg,0.890909090909091,0.6363636363636364,0.7424242424242423,22.0
