,precision,recall,f1-score,support
0.0,0.9473684210526315,0.9,0.9230769230769231,20.0
1.0,0.0,0.0,0.0,1.0
accuracy,,,0.8571428571428571,21.0
macro avg,0.47368421052631576,0.45,0.46153846153846156,21.0
weighted avg,0.9022556390977443,0.8571428571428571,0.8791208791208792,21.0
