,precision,recall,f1-score,support
0.0,0.9411764705882353,0.8,0.8648648648648648,20.0
1.0,0.0,0.0,0.0,1.0
accuracy,,,0.7619047619047619,21.0
macro avg,0.47058823529411764,0.4,0.4324324324324324,21.0
weighted avg,0.896358543417367,0.7619047619047619,0.8236808236808235,21.0
