,precision,recall,f1-score,support
0.0,0.8333333333333334,0.2631578947368421,0.39999999999999997,19.0
1.0,0.0,0.0,0.0,1.0
accuracy,,,0.25,20.0
macro avg,0.4166666666666667,0.13157894736842105,0.19999999999999998,20.0
weighted avg,0.7916666666666667,0.25,0.38,20.0
