,precision,recall,f1-score,support
0.0,1.0,0.3157894736842105,0.4799999999999999,19.0
1.0,0.07142857142857142,1.0,0.13333333333333333,1.0
accuracy,,,0.35,20.0
macro avg,0.5357142857142857,0.6578947368421053,0.30666666666666664,20.0
weighted avg,0.9535714285714286,0.35,0.4626666666666666,20.0
