,precision,recall,f1-score,support
0.0,0.9473684210526315,0.9473684210526315,0.9473684210526315,19.0
1.0,0.0,0.0,0.0,1.0
accuracy,,,0.9,20.0
macro avg,0.47368421052631576,0.47368421052631576,0.47368421052631576,20.0
weighted avg,0.9,0.9,0.9,20.0
