,precision,recall,f1-score,support
0.0,0.9090909090909091,0.5263157894736842,0.6666666666666666,19.0
1.0,0.0,0.0,0.0,1.0
accuracy,,,0.5,20.0
macro avg,0.45454545454545453,0.2631578947368421,0.3333333333333333,20.0
weighted avg,0.8636363636363636,0.5,0.6333333333333333,20.0
